actions,accepted,rejected,time_seconds,successor_digest,rejection_reasons
10,10,0,0.012136,67d43a6735b5498cc413460a4f65b2c9eb0c347fea34fe2dc59dae0c3ef4bc38,[]
50,50,0,0.265591,045b6e716b370b5402e9892a0e11f0936a6f18ff5de8386bf7442615fdb12838,[]
100,100,0,1.077529,887f39ac7f9084720dc3d542474e28c635a36a15641ae16bda7bf2841d9db623,[]
200,200,0,4.182659,75569763d9d6740452cdb75f18d05da6e9b5d61a93afb42f0f138d90048ab01c,[]
400,400,0,16.605445,03559af84f4de0b0f340751e6acbc9beb4828b289b37c02b23a929c935d5abc5,[]
800,800,0,67.678383,1fb5461e3a650665b12e755d51632f478fc3316079055abf4ec76da81b6e84e7,[]
